{
    "name": "Örnek Tema",
    "description": "KolayCMS için örnek tema",
    "version": "1.0.0",
    "author": "KolayCMS",
    "thumbnail_url": "",
    "colors": {
        "primary": "#00BCD4",
        "secondary": "#f44336"
    },
    "fonts": {
        "primary": "Roboto, sans-serif",
        "secondary": "Open Sans, sans-serif"
    },
    "templates": {
        "layout": {
            "name": "Ana Düzen",
            "file": "layout.html",
            "description": "Tüm sayfalar için ana düzen şablonu"
        },
        "pages": [
            {
                "name": "Ana Sayfa",
                "file": "home.html",
                "description": "Ana sayfa şablonu"
            },
            {
                "name": "Hakkımızda",
                "file": "about.html",
                "description": "Hakkımızda sayfası şablonu"
            },
            {
                "name": "İletişim",
                "file": "contact.html",
                "description": "İletişim sayfası şablonu"
            }
        ]
    },
    "components": {
        "header": {
            "name": "Üst Menü",
            "file": "components/header.html",
            "description": "Site üst menüsü"
        },
        "footer": {
            "name": "Alt Bilgi",
            "file": "components/footer.html",
            "description": "Site alt bilgisi"
        },
        "slider": {
            "name": "Slider",
            "file": "components/slider.html",
            "description": "Ana sayfa slider bileşeni"
        }
    },
    "assets": {
        "css": [
            "css/style.css",
            "css/components.css"
        ],
        "js": [
            "js/main.js",
            "js/components.js"
        ],
        "images": {
            "logo": "img/logo.png",
            "favicon": "img/favicon.ico"
        }
    }
} 